beef,butter
beef,butter
beef,butter,caramels,cheese,wheat bread
beef,butter,caramels,chocolate,yoghurt
beef,butter,caramels,mutton
beef,butter,cheese,chicken,rye bread
beef,butter,cheese,cookies,wheat bread
beef,butter,cheese,eggs,flour
beef,butter,cheese,ham,oil
beef,butter,chicken,cookies,pork
beef,butter,chocolate,eggs,shrimps
beef,butter,cookies
beef,butter,cookies
beef,butter,cookies
beef,butter,cookies,oil,pumpkin
beef,butter,cookies,sausage,wheat bread
beef,butter,cream,flour,rye bread
beef,butter,cream,oil,pork
beef,butter,eggs,oil,pumpkin
beef,butter,eggs,pork,rye bread
beef,butter,flour,oil,sausage
beef,butter,flour,pumpkin
beef,butter,mutton,yoghurt
beef,butter,pork
beef,butter,rye bread,shrimps
beef,butter,sausage
beef,caramels
beef,caramels,cheese,ham
beef,caramels,cheese,ham,pumpkin
beef,caramels,cheese,pork
beef,caramels,cheese,rye bread
beef,caramels,cheese,shrimps,yoghurt
beef,caramels,chicken
beef,caramels,chicken,wheat bread
beef,caramels,chocolate,cookies,sausage
beef,caramels,chocolate,cream,pork
beef,caramels,chocolate,ham,sausage
beef,caramels,chocolate,mutton,shrimps
beef,caramels,cookies
beef,caramels,cookies,cream
beef,caramels,cream,mutton,pork
beef,caramels,flour,oil,pumpkin
beef,caramels,mutton
beef,caramels,oil,wheat bread
beef,caramels,pork,shrimps
beef,caramels,pumpkin
beef,caramels,rye bread,wheat bread,yoghurt
beef,cheese
beef,cheese,chicken,cream,pork
beef,cheese,chicken,cream,wheat bread
beef,cheese,chocolate,flour,pork
beef,cheese,chocolate,pork
beef,cheese,cookies,ham,oil
beef,cheese,cream
beef,cheese,cream,shrimps
beef,cheese,eggs
beef,cheese,eggs,ham
beef,cheese,eggs,sausage,yoghurt
beef,cheese,flour,pumpkin
beef,cheese,flour,wheat bread
beef,cheese,ham,mutton,rye bread
beef,cheese,ham,oil
beef,cheese,ham,pork
beef,cheese,ham,rye bread
beef,cheese,ham,sausage
beef,cheese,ham,shrimps
beef,cheese,mutton,pumpkin,shrimps
beef,cheese,pork,rye bread
beef,cheese,sausage
beef,cheese,sausage,shrimps,yoghurt
beef,chicken,chocolate,cookies,mutton
beef,chicken,chocolate,eggs,rye bread
beef,chicken,cookies
beef,chicken,cookies,wheat bread,yoghurt
beef,chicken,eggs,pork,pumpkin
beef,chicken,eggs,yoghurt
beef,chicken,oil,rye bread,yoghurt
beef,chicken,oil,shrimps,wheat bread
beef,chicken,pumpkin,shrimps
beef,chicken,pumpkin,wheat bread
beef,chicken,rye bread,sausage,shrimps
beef,chocolate
beef,chocolate
beef,chocolate,cookies
beef,chocolate,cookies,cream,oil
beef,chocolate,cookies,eggs,sausage
beef,chocolate,cookies,yoghurt
beef,chocolate,cream
beef,chocolate,flour,pumpkin
beef,chocolate,flour,sausage
beef,chocolate,mutton,oil
beef,chocolate,oil
beef,chocolate,oil,pork,rye bread
beef,chocolate,pork,pumpkin,shrimps
beef,chocolate,pumpkin,rye bread,shrimps
beef,chocolate,pumpkin,wheat bread
beef,chocolate,wheat bread
beef,cookies
beef,cookies,cream
beef,cookies,cream,ham,shrimps
beef,cookies,cream,oil,wheat bread
beef,cookies,flour
beef,cookies,ham
beef,cookies,ham,shrimps,wheat bread
beef,cookies,mutton,rye bread
beef,cookies,oil
beef,cookies,pumpkin,wheat bread
beef,cookies,sausage
beef,cream
beef,cream,eggs
beef,cream,eggs,flour,mutton
beef,cream,eggs,flour,pork
beef,cream,eggs,ham,yoghurt
beef,cream,eggs,pork
beef,cream,flour,wheat bread
beef,cream,ham,oil,yoghurt
beef,cream,ham,pork
beef,cream,ham,rye bread,shrimps
beef,cream,mutton,oil,rye bread
beef,cream,mutton,oil,wheat bread
beef,cream,oil
beef,cream,oil,rye bread,shrimps
beef,cream,pork
beef,cream,pork,pumpkin,yoghurt
beef,cream,sausage
beef,cream,yoghurt
beef,eggs
beef,eggs
beef,eggs,flour
beef,eggs,ham,mutton,sausage
beef,eggs,mutton
beef,eggs,mutton
beef,eggs,oil
beef,eggs,oil,sausage
beef,eggs,pumpkin
beef,eggs,shrimps
beef,flour
beef,flour
beef,flour
beef,flour
beef,flour,ham,pork,rye bread
beef,flour,ham,shrimps
beef,flour,mutton,oil
beef,flour,pork
beef,flour,pork
beef,flour,pork,sausage
beef,flour,pumpkin
beef,flour,pumpkin,wheat bread
beef,ham
beef,ham
beef,ham,mutton,oil,sausage
beef,ham,mutton,oil,yoghurt
beef,ham,oil
beef,ham,oil,pork
beef,ham,oil,shrimps,yoghurt
beef,ham,pork,pumpkin,sausage
beef,ham,pork,rye bread
beef,ham,pork,wheat bread,yoghurt
beef,ham,sausage,yoghurt
beef,ham,shrimps
beef,ham,shrimps
beef,ham,yoghurt
beef,mutton
beef,mutton,pork
beef,mutton,shrimps
beef,oil,pork
beef,oil,pork
beef,oil,pork
beef,pork
beef,rye bread
beef,rye bread,yoghurt
beef,rye bread,yoghurt
beef,sausage
beef,sausage,wheat bread
beef,sausage,yoghurt
butter,caramels
butter,caramels
butter,caramels
butter,caramels
butter,caramels,cheese,shrimps
butter,caramels,chicken,pumpkin,sausage
butter,caramels,chocolate,eggs,sausage
butter,caramels,cookies,eggs
butter,caramels,cookies,shrimps,yoghurt
butter,caramels,eggs
butter,caramels,eggs,flour
butter,caramels,eggs,pumpkin
butter,caramels,flour,ham,pork
butter,caramels,ham,yoghurt
butter,caramels,mutton,pumpkin,rye bread
butter,caramels,mutton,yoghurt
butter,caramels,oil,wheat bread
butter,caramels,pumpkin,shrimps
butter,caramels,shrimps
butter,cheese
butter,cheese,chicken,chocolate,oil
butter,cheese,chicken,chocolate,pumpkin
butter,cheese,chicken,cookies,rye bread
butter,cheese,chicken,eggs,pork
butter,cheese,chicken,eggs,sausage
butter,cheese,chicken,pork
butter,cheese,chicken,pork
butter,cheese,chocolate,eggs,wheat bread
butter,cheese,chocolate,flour,sausage
butter,cheese,chocolate,pork,pumpkin
butter,cheese,chocolate,pumpkin
butter,cheese,chocolate,shrimps
butter,cheese,eggs,ham,shrimps
butter,cheese,eggs,pork,wheat bread
butter,cheese,eggs,rye bread
butter,cheese,flour,shrimps
butter,cheese,ham
butter,cheese,ham,pork,pumpkin
butter,cheese,mutton,pumpkin,rye bread
butter,cheese,mutton,sausage
butter,cheese,mutton,yoghurt
butter,cheese,oil,pumpkin,sausage
butter,cheese,pork,pumpkin
butter,cheese,pork,shrimps
butter,cheese,pumpkin,wheat bread
butter,chicken
butter,chicken
butter,chicken
butter,chicken,chocolate,cookies
butter,chicken,chocolate,mutton,pumpkin
butter,chicken,chocolate,rye bread,sausage
butter,chicken,cookies,flour,oil
butter,chicken,cream,flour,ham
butter,chicken,cream,pumpkin,yoghurt
butter,chicken,cream,rye bread
butter,chicken,eggs,ham
butter,chicken,eggs,wheat bread,yoghurt
butter,chicken,ham
butter,chicken,shrimps,wheat bread
butter,chocolate,cookies
butter,chocolate,cookies,eggs,pork
butter,chocolate,cookies,mutton
butter,chocolate,cookies,yoghurt
butter,chocolate,cream,pork,shrimps
butter,chocolate,eggs,rye bread
butter,chocolate,eggs,sausage
butter,chocolate,ham,mutton
butter,chocolate,ham,rye bread
butter,chocolate,oil,rye bread
butter,chocolate,pork,pumpkin
butter,chocolate,rye bread,sausage,wheat bread
butter,chocolate,rye bread,yoghurt
butter,chocolate,yoghurt
butter,cookies
butter,cookies,eggs,flour,oil
butter,cookies,eggs,flour,oil
butter,cookies,eggs,ham,wheat bread
butter,cookies,eggs,oil,pork
butter,cookies,ham,oil,pumpkin
butter,cookies,ham,rye bread
butter,cookies,mutton
butter,cookies,mutton,pork,yoghurt
butter,cookies,pumpkin,shrimps
butter,cookies,rye bread,wheat bread,yoghurt
butter,cream,eggs
butter,cream,eggs,flour,pork
butter,cream,eggs,oil,pumpkin
butter,cream,eggs,oil,rye bread
butter,cream,eggs,rye bread
butter,cream,flour,yoghurt
butter,cream,ham,shrimps
butter,cream,pork,wheat bread,yoghurt
butter,cream,pork,yoghurt
butter,cream,pumpkin
butter,cream,rye bread,sausage
butter,cream,rye bread,shrimps,yoghurt
butter,eggs
butter,eggs,mutton
butter,eggs,oil
butter,eggs,pumpkin,sausage,yoghurt
butter,eggs,sausage
butter,eggs,wheat bread,yoghurt
butter,flour,ham,pork
butter,flour,mutton,sausage
butter,flour,mutton,sausage
butter,flour,mutton,yoghurt
butter,flour,oil,pumpkin
butter,flour,oil,pumpkin
butter,flour,pork
butter,flour,pumpkin,sausage,shrimps
butter,flour,rye bread
butter,ham
butter,ham
butter,ham,mutton,sausage
butter,ham,oil,pork,shrimps
butter,ham,oil,rye bread,shrimps
butter,ham,oil,sausage
butter,oil
butter,oil
butter,oil,rye bread,wheat bread
butter,oil,sausage,shrimps,yoghurt
butter,pork,pumpkin
butter,pork,rye bread,sausage
butter,rye bread
butter,rye bread
butter,rye bread
butter,rye bread
butter,rye bread,sausage,shrimps
butter,sausage
butter,sausage,shrimps
butter,sausage,shrimps
butter,shrimps
butter,wheat bread
caramels,cheese
caramels,cheese
caramels,cheese,chicken,cookies,pork
caramels,cheese,chicken,ham
caramels,cheese,chicken,mutton,sausage
caramels,cheese,chicken,shrimps
caramels,cheese,chocolate
caramels,cheese,cookies
caramels,cheese,cookies,cream,pork
caramels,cheese,cookies,eggs,yoghurt
caramels,cheese,cream,ham
caramels,cheese,cream,ham,wheat bread
caramels,cheese,eggs
caramels,cheese,eggs,oil,pumpkin
caramels,cheese,flour
caramels,cheese,flour,ham
caramels,cheese,flour,oil,yoghurt
caramels,cheese,ham,pumpkin
caramels,cheese,mutton,oil,wheat bread
caramels,cheese,rye bread,sausage
caramels,chicken,chocolate,cookies,sausage
caramels,chicken,chocolate,flour,pork
caramels,chicken,cookies,ham,oil
caramels,chicken,cookies,pumpkin,sausage
caramels,chicken,cream,flour,ham
caramels,chicken,flour,pumpkin
caramels,chicken,ham
caramels,chicken,ham,oil,wheat bread
caramels,chicken,ham,sausage
caramels,chicken,oil,rye bread,sausage
caramels,chicken,pork
caramels,chicken,pork
caramels,chicken,pumpkin
caramels,chicken,rye bread,wheat bread
caramels,chicken,rye bread,wheat bread
caramels,chicken,yoghurt
caramels,chocolate
caramels,chocolate
caramels,chocolate
caramels,chocolate
caramels,chocolate,cookies,ham,shrimps
caramels,chocolate,cookies,oil,sausage
caramels,chocolate,cookies,rye bread
caramels,chocolate,eggs
caramels,chocolate,flour
caramels,chocolate,flour,ham,wheat bread
caramels,chocolate,flour,ham,yoghurt
caramels,chocolate,flour,mutton
caramels,chocolate,flour,mutton,rye bread
caramels,chocolate,mutton
caramels,chocolate,pumpkin
caramels,chocolate,rye bread
caramels,chocolate,shrimps,wheat bread
caramels,cookies
caramels,cookies,cream,ham,shrimps
caramels,cookies,cream,mutton,rye bread
caramels,cookies,ham,shrimps
caramels,cookies,mutton,wheat bread
caramels,cookies,pork,wheat bread
caramels,cookies,rye bread,sausage,yoghurt
caramels,cookies,sausage
caramels,cookies,wheat bread
caramels,cookies,wheat bread
caramels,cream
caramels,cream,eggs
caramels,cream,eggs,flour,pumpkin
caramels,cream,flour,ham,mutton
caramels,cream,flour,oil,pumpkin
caramels,cream,flour,pumpkin,shrimps
caramels,cream,ham
caramels,cream,ham,oil,sausage
caramels,cream,ham,oil,wheat bread
caramels,cream,ham,pumpkin
caramels,cream,mutton
caramels,cream,oil,pork
caramels,cream,sausage,yoghurt
caramels,eggs
caramels,eggs,flour,wheat bread
caramels,eggs,ham
caramels,eggs,ham,sausage
caramels,eggs,ham,sausage,shrimps
caramels,eggs,mutton
caramels,eggs,pork
caramels,eggs,rye bread,shrimps,yoghurt
caramels,eggs,shrimps
caramels,eggs,shrimps
caramels,eggs,wheat bread
caramels,eggs,yoghurt
caramels,flour
caramels,flour,ham,pork,rye bread
caramels,flour,mutton,oil,sausage
caramels,flour,mutton,rye bread,sausage
caramels,flour,pumpkin
caramels,flour,yoghurt
caramels,ham
caramels,ham,mutton
caramels,ham,mutton,oil
caramels,ham,mutton,pork,yoghurt
caramels,ham,oil,pork,sausage
caramels,ham,oil,rye bread,shrimps
caramels,ham,oil,sausage
caramels,ham,pork,wheat bread
caramels,mutton
caramels,mutton
caramels,mutton
caramels,mutton
caramels,mutton,pork,shrimps
caramels,mutton,sausage,wheat bread,yoghurt
caramels,oil
caramels,oil,pork,pumpkin,rye bread
caramels,oil,pork,sausage,wheat bread
caramels,oil,rye bread
caramels,oil,rye bread,shrimps
caramels,oil,shrimps
caramels,pumpkin
caramels,pumpkin,shrimps
caramels,rye bread
caramels,rye bread,shrimps
caramels,rye bread,wheat bread
caramels,rye bread,yoghurt
caramels,rye bread,yoghurt
caramels,sausage,shrimps
caramels,shrimps
caramels,shrimps
caramels,yoghurt
caramels,yoghurt
cheese,chicken
cheese,chicken,chocolate,cookies,yoghurt
cheese,chicken,chocolate,eggs,oil
cheese,chicken,chocolate,rye bread,shrimps
cheese,chicken,cookies,eggs,ham
cheese,chicken,cookies,flour,mutton
cheese,chicken,cookies,oil,yoghurt
cheese,chicken,eggs
cheese,chicken,eggs,flour,pork
cheese,chicken,eggs,rye bread
cheese,chicken,flour,sausage,wheat bread
cheese,chicken,ham,sausage,yoghurt
cheese,chicken,mutton,shrimps
cheese,chicken,mutton,yoghurt
cheese,chicken,oil,rye bread,wheat bread
cheese,chicken,pumpkin,yoghurt
cheese,chicken,rye bread
cheese,chicken,wheat bread
cheese,chicken,yoghurt
cheese,chocolate
cheese,chocolate
cheese,chocolate,cookies
cheese,chocolate,cookies,pork
cheese,chocolate,cookies,pumpkin,sausage
cheese,chocolate,eggs,pork
cheese,chocolate,ham,mutton,yoghurt
cheese,chocolate,ham,rye bread,wheat bread
cheese,chocolate,mutton,pumpkin
cheese,chocolate,oil,pork
cheese,chocolate,oil,pumpkin,yoghurt
cheese,chocolate,shrimps
cheese,chocolate,wheat bread
cheese,cookies
cheese,cookies
cheese,cookies
cheese,cookies
cheese,cookies,eggs,oil
cheese,cookies,eggs,rye bread
cheese,cookies,flour
cheese,cookies,flour,ham,wheat bread
cheese,cookies,flour,oil
cheese,cookies,flour,oil,rye bread
cheese,cookies,ham,mutton
cheese,cookies,mutton,wheat bread,yoghurt
cheese,cookies,sausage,shrimps,yoghurt
cheese,cream
cheese,cream,rye bread
cheese,eggs
cheese,eggs,mutton,yoghurt
cheese,eggs,pork,sausage
cheese,eggs,pumpkin
cheese,eggs,rye bread
cheese,eggs,shrimps
cheese,eggs,shrimps
cheese,flour
cheese,flour,ham
cheese,flour,ham,mutton,sausage
cheese,flour,mutton,shrimps
cheese,flour,oil,shrimps
cheese,flour,oil,wheat bread
cheese,flour,pork
cheese,flour,pork,rye bread,shrimps
cheese,flour,shrimps
cheese,ham
cheese,ham
cheese,ham,mutton,pumpkin,sausage
cheese,ham,oil,rye bread,yoghurt
cheese,ham,oil,wheat bread
cheese,ham,oil,yoghurt
cheese,ham,rye bread,wheat bread
cheese,ham,sausage
cheese,ham,wheat bread
cheese,mutton,oil,pork
cheese,mutton,pork
cheese,mutton,pumpkin,sausage
cheese,mutton,rye bread
cheese,mutton,wheat bread
cheese,mutton,wheat bread
cheese,oil
cheese,oil,pork,pumpkin,shrimps
cheese,oil,pork,rye bread,sausage
cheese,pork,pumpkin,wheat bread
cheese,pumpkin
cheese,pumpkin,sausage,shrimps,yoghurt
cheese,pumpkin,shrimps
cheese,pumpkin,wheat bread
cheese,pumpkin,yoghurt
cheese,rye bread
cheese,rye bread,sausage,shrimps,wheat bread
cheese,rye bread,wheat bread
cheese,shrimps
cheese,shrimps
cheese,wheat bread
chicken,chocolate
chicken,chocolate
chicken,chocolate,cream,rye bread,yoghurt
chicken,chocolate,eggs,mutton,wheat bread
chicken,chocolate,eggs,pork
chicken,chocolate,flour,mutton
chicken,chocolate,ham
chicken,chocolate,ham,pork
chicken,chocolate,ham,rye bread,shrimps
chicken,chocolate,mutton,pork,sausage
chicken,chocolate,mutton,pork,shrimps
chicken,chocolate,oil,pork,yoghurt
chicken,chocolate,oil,sausage,wheat bread
chicken,chocolate,pumpkin
chicken,chocolate,rye bread
chicken,chocolate,sausage,wheat bread,yoghurt
chicken,chocolate,yoghurt
chicken,cookies,cream,shrimps,yoghurt
chicken,cookies,cream,yoghurt
chicken,cookies,flour,mutton,yoghurt
chicken,cookies,mutton,pork,wheat bread
chicken,cookies,mutton,sausage,wheat bread
chicken,cookies,oil,yoghurt
chicken,cookies,pork
chicken,cookies,pork,rye bread
chicken,cookies,shrimps,wheat bread,yoghurt
chicken,cream
chicken,cream,eggs,oil
chicken,cream,eggs,shrimps
chicken,cream,flour
chicken,cream,flour,mutton,wheat bread
chicken,cream,flour,oil,pork
chicken,cream,flour,oil,wheat bread
chicken,cream,ham,oil
chicken,cream,ham,oil
chicken,cream,ham,rye bread,wheat bread
chicken,cream,mutton,oil,rye bread
chicken,cream,mutton,shrimps
chicken,cream,oil,rye bread
chicken,cream,yoghurt
chicken,cream,yoghurt
chicken,eggs,flour,oil
chicken,eggs,flour,oil,sausage
chicken,eggs,flour,pumpkin,rye bread
chicken,eggs,ham,oil,pork
chicken,eggs,mutton,rye bread,yoghurt
chicken,eggs,oil
chicken,eggs,oil,pork,shrimps
chicken,eggs,oil,rye bread,yoghurt
chicken,eggs,rye bread
chicken,flour
chicken,flour,ham,pumpkin,yoghurt
chicken,flour,mutton
chicken,flour,mutton,rye bread,sausage
chicken,flour,oil,pork,rye bread
chicken,flour,oil,pumpkin
chicken,flour,oil,rye bread,wheat bread
chicken,flour,oil,shrimps
chicken,flour,oil,wheat bread
chicken,flour,oil,yoghurt
chicken,flour,oil,yoghurt
chicken,flour,pork,pumpkin,yoghurt
chicken,flour,rye bread
chicken,flour,sausage
chicken,flour,sausage
chicken,flour,shrimps,yoghurt
chicken,ham
chicken,ham
chicken,ham
chicken,ham,mutton,pork,rye bread
chicken,ham,oil
chicken,ham,pork,pumpkin
chicken,ham,pumpkin,wheat bread
chicken,ham,rye bread,shrimps,wheat bread
chicken,ham,sausage
chicken,ham,sausage,yoghurt
chicken,ham,yoghurt
chicken,mutton
chicken,mutton,oil,rye bread
chicken,mutton,oil,yoghurt
chicken,mutton,pumpkin,sausage,shrimps
chicken,mutton,rye bread
chicken,mutton,shrimps,yoghurt
chicken,oil
chicken,oil,pork,pumpkin,rye bread
chicken,oil,pork,pumpkin,yoghurt
chicken,oil,sausage,shrimps
chicken,oil,shrimps,yoghurt
chicken,pork
chicken,pork
chicken,pork,pumpkin
chicken,pork,rye bread
chicken,pork,rye bread,shrimps,wheat bread
chicken,pork,rye bread,yoghurt
chicken,pumpkin
chicken,pumpkin
chicken,pumpkin
chicken,pumpkin
chicken,pumpkin
chicken,pumpkin,rye bread
chicken,pumpkin,rye bread
chicken,rye bread
chicken,rye bread
chicken,rye bread
chicken,rye bread
chicken,sausage
chicken,shrimps
chicken,shrimps
chicken,shrimps,wheat bread,yoghurt
chicken,wheat bread
chocolate,cookies
chocolate,cookies
chocolate,cookies,cream,mutton
chocolate,cookies,cream,pumpkin,yoghurt
chocolate,cookies,flour,oil,rye bread
chocolate,cookies,ham
chocolate,cookies,rye bread,sausage,yoghurt
chocolate,cookies,wheat bread
chocolate,cream,eggs
chocolate,cream,eggs,flour,rye bread
chocolate,cream,eggs,pork
chocolate,cream,flour,ham,yoghurt
chocolate,cream,flour,mutton,rye bread
chocolate,cream,ham,oil,pumpkin
chocolate,cream,pork,pumpkin,rye bread
chocolate,cream,pumpkin
chocolate,cream,pumpkin,rye bread,wheat bread
chocolate,cream,rye bread
chocolate,cream,rye bread,shrimps
chocolate,cream,sausage,shrimps
chocolate,cream,sausage,wheat bread
chocolate,eggs
chocolate,eggs
chocolate,eggs,flour,mutton,rye bread
chocolate,eggs,ham,oil,rye bread
chocolate,eggs,ham,rye bread
chocolate,eggs,oil
chocolate,eggs,oil
chocolate,eggs,pork
chocolate,flour
chocolate,flour
chocolate,flour,ham
chocolate,flour,mutton,sausage
chocolate,flour,oil,rye bread,sausage
chocolate,flour,oil,wheat bread
chocolate,flour,pork
chocolate,flour,rye bread
chocolate,flour,shrimps
chocolate,ham
chocolate,ham,pork,rye bread,yoghurt
chocolate,ham,sausage
chocolate,ham,sausage,shrimps,yoghurt
chocolate,ham,wheat bread
chocolate,ham,wheat bread
chocolate,ham,yoghurt
chocolate,ham,yoghurt
chocolate,mutton
chocolate,mutton,oil,pumpkin,rye bread
chocolate,mutton,oil,sausage
chocolate,mutton,pork
chocolate,mutton,pumpkin,rye bread,sausage
chocolate,mutton,rye bread,shrimps
chocolate,mutton,yoghurt
chocolate,oil,pumpkin,rye bread
chocolate,oil,pumpkin,wheat bread,yoghurt
chocolate,oil,rye bread
chocolate,oil,sausage,shrimps
chocolate,oil,shrimps
chocolate,oil,yoghurt
chocolate,pork
chocolate,pork
chocolate,pork,pumpkin,rye bread
chocolate,pork,pumpkin,rye bread,shrimps
chocolate,pork,wheat bread
chocolate,pork,yoghurt
chocolate,pumpkin
chocolate,pumpkin
chocolate,pumpkin,rye bread
chocolate,pumpkin,rye bread,yoghurt
chocolate,pumpkin,sausage
chocolate,rye bread
chocolate,rye bread
chocolate,sausage,wheat bread,yoghurt
chocolate,shrimps
chocolate,shrimps
chocolate,shrimps
chocolate,wheat bread
chocolate,wheat bread
cookies,cream
cookies,cream
cookies,cream,eggs
cookies,cream,eggs,flour,mutton
cookies,cream,flour
cookies,cream,flour,pork
cookies,cream,ham,pork,yoghurt
cookies,cream,ham,rye bread
cookies,cream,ham,sausage
cookies,cream,rye bread,shrimps,yoghurt
cookies,cream,shrimps,yoghurt
cookies,eggs
cookies,eggs
cookies,eggs,ham
cookies,eggs,ham,pork,wheat bread
cookies,eggs,oil,pumpkin,rye bread
cookies,eggs,pumpkin
cookies,eggs,rye bread,sausage
cookies,eggs,yoghurt
cookies,flour
cookies,flour
cookies,flour
cookies,flour
cookies,flour
cookies,flour,ham,shrimps,yoghurt
cookies,flour,oil,pork,shrimps
cookies,flour,oil,shrimps
cookies,flour,pork,shrimps,yoghurt
cookies,flour,pumpkin,wheat bread
cookies,flour,rye bread
cookies,flour,shrimps,wheat bread
cookies,ham
cookies,ham,mutton
cookies,ham,oil,rye bread
cookies,ham,oil,yoghurt
cookies,ham,pork
cookies,ham,pumpkin
cookies,ham,pumpkin,sausage
cookies,ham,rye bread,sausage,yoghurt
cookies,mutton,oil,pumpkin
cookies,mutton,oil,shrimps,wheat bread
cookies,mutton,pork
cookies,mutton,sausage,yoghurt
cookies,mutton,yoghurt
cookies,oil,pork,yoghurt
cookies,oil,rye bread,sausage
cookies,oil,rye bread,wheat bread
cookies,oil,sausage
cookies,oil,shrimps
cookies,pork,pumpkin,wheat bread
cookies,pork,rye bread,shrimps
cookies,pumpkin
cookies,pumpkin
cookies,pumpkin
cookies,rye bread
cookies,rye bread
cookies,rye bread
cookies,rye bread,sausage,wheat bread,yoghurt
cookies,rye bread,yoghurt
cookies,sausage
cookies,sausage
cookies,sausage
cookies,sausage,wheat bread
cookies,shrimps
cookies,wheat bread
cream,eggs,flour,pumpkin
cream,eggs,ham,rye bread,wheat bread
cream,eggs,ham,sausage,shrimps
cream,eggs,mutton,yoghurt
cream,eggs,oil,yoghurt
cream,eggs,rye bread
cream,eggs,shrimps
cream,eggs,wheat bread
cream,flour
cream,flour
cream,flour
cream,flour
cream,flour,ham,oil,shrimps
cream,flour,mutton,oil,pork
cream,flour,oil,rye bread,shrimps
cream,flour,pumpkin,sausage
cream,flour,sausage
cream,flour,wheat bread
cream,ham
cream,ham,pork,yoghurt
cream,ham,pumpkin,sausage
cream,ham,rye bread
cream,ham,sausage
cream,mutton,oil,pumpkin,wheat bread
cream,mutton,oil,yoghurt
cream,mutton,pork,pumpkin
cream,oil
cream,oil
cream,oil
cream,oil,pumpkin,rye bread,wheat bread
cream,pork
cream,pork,pumpkin
cream,pork,sausage,wheat bread
cream,pork,yoghurt
cream,pumpkin,rye bread,shrimps,yoghurt
cream,rye bread,yoghurt
cream,rye bread,yoghurt
cream,sausage,wheat bread
cream,shrimps
cream,shrimps
cream,shrimps
cream,yoghurt
cream,yoghurt
eggs,flour
eggs,flour,ham
eggs,flour,ham,sausage
eggs,flour,pumpkin,shrimps
eggs,ham
eggs,ham
eggs,ham,oil
eggs,mutton,oil,sausage,shrimps
eggs,mutton,pumpkin,sausage,shrimps
eggs,mutton,sausage
eggs,mutton,shrimps
eggs,mutton,yoghurt
eggs,oil
eggs,oil,pork
eggs,oil,sausage
eggs,oil,sausage,yoghurt
eggs,oil,yoghurt
eggs,pork
eggs,pork
eggs,pork
eggs,pork,sausage
eggs,pumpkin
eggs,pumpkin
eggs,pumpkin,rye bread,wheat bread
eggs,pumpkin,shrimps
eggs,pumpkin,yoghurt
eggs,pumpkin,yoghurt
eggs,rye bread
eggs,rye bread,sausage
eggs,rye bread,yoghurt
eggs,sausage,shrimps
eggs,shrimps
eggs,wheat bread
flour,ham
flour,ham
flour,ham,mutton
flour,ham,oil
flour,ham,oil,pumpkin,yoghurt
flour,mutton
flour,mutton
flour,mutton
flour,mutton
flour,mutton,oil
flour,mutton,oil,pork,wheat bread
flour,mutton,pork
flour,mutton,pork,wheat bread
flour,mutton,shrimps
flour,mutton,yoghurt
flour,oil,pork,rye bread
flour,oil,pork,sausage,shrimps
flour,oil,pumpkin,rye bread,yoghurt
flour,oil,pumpkin,sausage
flour,oil,yoghurt
flour,pork
flour,pork
flour,pork,pumpkin,yoghurt
flour,pork,sausage,yoghurt
flour,pork,wheat bread,yoghurt
flour,pumpkin
flour,pumpkin,rye bread
flour,pumpkin,rye bread,sausage
flour,pumpkin,shrimps
flour,pumpkin,yoghurt
flour,pumpkin,yoghurt
flour,rye bread,shrimps
flour,sausage
flour,sausage
flour,sausage
flour,shrimps,wheat bread
flour,wheat bread
flour,yoghurt
flour,yoghurt
ham,mutton
ham,mutton,oil,wheat bread
ham,mutton,rye bread,sausage,shrimps
ham,oil
ham,oil,pork
ham,oil,pumpkin
ham,oil,sausage,wheat bread,yoghurt
ham,oil,wheat bread
ham,oil,wheat bread
ham,pork,pumpkin
ham,pumpkin
ham,pumpkin
ham,pumpkin,rye bread
ham,pumpkin,sausage,shrimps
ham,pumpkin,wheat bread
ham,rye bread,sausage,wheat bread,yoghurt
ham,rye bread,yoghurt
ham,sausage
ham,sausage
ham,sausage,shrimps
ham,sausage,shrimps,wheat bread
ham,sausage,yoghurt
ham,sausage,yoghurt
ham,shrimps
ham,shrimps
ham,shrimps
ham,shrimps,wheat bread
ham,wheat bread
ham,wheat bread
mutton,oil
mutton,oil
mutton,oil,pumpkin
mutton,oil,pumpkin
mutton,oil,wheat bread,yoghurt
mutton,pork,pumpkin
mutton,pork,pumpkin,wheat bread,yoghurt
mutton,pork,rye bread,wheat bread
mutton,pork,sausage
mutton,pork,sausage,yoghurt
mutton,pork,wheat bread
mutton,pumpkin,shrimps
mutton,pumpkin,shrimps,wheat bread,yoghurt
mutton,rye bread
mutton,rye bread,wheat bread
mutton,rye bread,yoghurt
mutton,sausage
mutton,sausage
mutton,shrimps
oil,pork,rye bread,sausage,shrimps
oil,pork,wheat bread
oil,pumpkin
oil,pumpkin
oil,pumpkin,shrimps,yoghurt
oil,rye bread
oil,rye bread
oil,rye bread,wheat bread
oil,sausage
oil,sausage,yoghurt
oil,shrimps
oil,shrimps
oil,shrimps,yoghurt
oil,shrimps,yoghurt
oil,wheat bread
oil,wheat bread
oil,yoghurt
oil,yoghurt
oil,yoghurt
oil,yoghurt
pork,pumpkin
pork,pumpkin
pork,pumpkin
pork,pumpkin
pork,pumpkin
pork,pumpkin,shrimps
pork,rye bread
pork,rye bread,wheat bread
pork,shrimps
pork,shrimps
pork,shrimps,wheat bread,yoghurt
pumpkin,rye bread
pumpkin,rye bread
pumpkin,rye bread
pumpkin,rye bread,sausage
pumpkin,rye bread,shrimps,yoghurt
pumpkin,sausage,wheat bread
pumpkin,shrimps,wheat bread
pumpkin,wheat bread
pumpkin,wheat bread
rye bread,shrimps
rye bread,shrimps
rye bread,shrimps,wheat bread
rye bread,yoghurt
rye bread,yoghurt
sausage,shrimps,wheat bread,yoghurt
sausage,wheat bread
sausage,wheat bread
sausage,wheat bread
sausage,yoghurt
shrimps,wheat bread
shrimps,wheat bread
shrimps,wheat bread
shrimps,wheat bread
shrimps,yoghurt
shrimps,yoghurt
wheat bread,yoghurt
